<?xml version="1.0" encoding="UTF-8"?>
<project-private xmlns="http://www.netbeans.org/ns/project-private/1">
    <editor-bookmarks xmlns="http://www.netbeans.org/ns/editor-bookmarks/2" lastBookmarkId="0"/>
    <open-files xmlns="http://www.netbeans.org/ns/projectui-open-files/2">
        <group>
            <file>file:/Users/chenjie.yu/NetBeansProjects/LearningJava/src/learningjava/Parrot.java</file>
            <file>file:/Users/chenjie.yu/NetBeansProjects/LearningJava/src/learningjava/Animal.java</file>
            <file>file:/Users/chenjie.yu/NetBeansProjects/LearningJava/src/learningjava/Cat.java</file>
            <file>file:/Users/chenjie.yu/NetBeansProjects/LearningJava/src/learningjava/LearningJava.java</file>
            <file>file:/Users/chenjie.yu/NetBeansProjects/LearningJava/src/learningjava/PetStore.java</file>
            <file>file:/Users/chenjie.yu/NetBeansProjects/LearningJava/src/learningjava/Dog.java</file>
        </group>
    </open-files>
</project-private>
